2485793,1SDA080825R1
888888,1SDA072616R1
2586708,1SDA072615R1
888888,1SDA072613R1
888888,1SDA072614R1
2587013,1SDA072612R1
888888,1SDA072611R1
888888,1SDA071266R1
2586927,1SDA071265R1
888888,1SDA071263R1
888888,1SDA071264R1
2586910,1SDA071262R1
888888,1SDA071261R1
2586806,1SDA073505R1
2586800,1SDA073176R1
888888,1SDA073173R1
2586964,1SDA073175R1
888888,1SDA073174R1
888888,1SDA073172R1
2586439,1SDA073126R1
888888,1SDA073171R1
2586335,1SDA072566R1
2586332,1SDA072563R1
2586436,1SDA073123R1
2586329,1SDA072506R1
888888,1SDA073544R1
2586438,1SDA073125R1
2586334,1SDA072565R1
2586326,1SDA072503R1
2586763,1SDA072556R1
2586331,1SDA072562R1
2586435,1SDA073122R1
2586213,1SDA071776R1
2586956,1SDA072553R1
2586333,1SDA072564R1
2586210,1SDA071773R1
2586804,1SDA072555R1
2586437,1SDA073124R1
2586328,1SDA072505R1
888888,1SDA072554R1
2586434,1SDA073121R1
2586330,1SDA072561R1
2586955,1SDA072552R1
2586327,1SDA072504R1
2586325,1SDA072502R1
2586212,1SDA071775R1
888888,1SDA072551R1
2586433,1SDA073046R1
888888,1SDA073460R1
2586430,1SDA073043R1
888888,1SDA071206R1
2586324,1SDA072501R1
2586211,1SDA071774R1
2586209,1SDA071772R1
888888,1SDA071203R1
2586810,1SDA072546R1
888888,1SDA072543R1
888888,1SDA071205R1
2586691,1SDA072545R1
2586208,1SDA071771R1
888888,1SDA071204R1
888888,1SDA071202R1
2586845,1SDA072544R1
2586922,1SDA072542R1
888888,1SDA071201R1
888888,1SDA072541R1
2586429,1SDA073042R1
888888,1SDA071196R1
2586432,1SDA073045R1
888888,1SDA071193R1
2586428,1SDA073041R1
2586431,1SDA073044R1
2586921,1SDA071195R1
2586701,1SDA073541R1
2586207,1SDA071696R1
2586903,1SDA071194R1
2586863,1SDA071192R1
2586204,1SDA071693R1
2586939,1SDA071191R1
2586206,1SDA071695R1
2586205,1SDA071694R1
2586697,1SDA073457R1
888888,1SDA073421R1
2586203,1SDA071692R1
2586700,1SDA073537R1
2586427,1SDA073016R1
2586323,1SDA072496R1
2586696,1SDA073453R1
2586320,1SDA072493R1
2586424,1SDA073013R1
2586108,1SDA071146R1
2586202,1SDA071691R1
2586311,1SDA072396R1
2586105,1SDA071143R1
2586421,1SDA073006R1
2586426,1SDA073015R1
2586308,1SDA072393R1
2586418,1SDA073003R1
2586322,1SDA072495R1
2586321,1SDA072494R1
2586201,1SDA071666R1
2586319,1SDA072492R1
2586317,1SDA072416R1
2586425,1SDA073014R1
2586198,1SDA071663R1
2586423,1SDA073012R1
2586107,1SDA071145R1
2586318,1SDA072491R1
2586310,1SDA072395R1
2586420,1SDA073005R1
2586314,1SDA072413R1
2586096,1SDA071046R1
2586195,1SDA071656R1
2586106,1SDA071144R1
2586104,1SDA071142R1
2586093,1SDA071043R1
2586192,1SDA071653R1
2586419,1SDA073004R1
2586102,1SDA071066R1
2586307,1SDA072392R1
2586417,1SDA073002R1
2586309,1SDA072394R1
2586200,1SDA071665R1
2586103,1SDA071141R1
2586099,1SDA071063R1
2586699,1SDA073502R1
2586199,1SDA071664R1
2586197,1SDA071662R1
2586095,1SDA071045R1
2586194,1SDA071655R1
2586316,1SDA072415R1
2586306,1SDA072391R1
2586416,1SDA073001R1
2586305,1SDA072386R1
2586422,1SDA073011R1
2586094,1SDA071044R1
2586299,1SDA072376R1
2586193,1SDA071654R1
2586092,1SDA071042R1
2586315,1SDA072414R1
2586191,1SDA071652R1
2586313,1SDA072412R1
2586302,1SDA072383R1
2586196,1SDA071661R1
888888,1SDA101665R1
2586101,1SDA071065R1
2586695,1SDA073418R1
2587014,1SDA123321R1
2586296,1SDA072373R1
888888,1SDA101193R1
2586485,1SDA073535R1
2586090,1SDA071036R1
2586098,1SDA071062R1
2586461,1SDA073451R1
2586100,1SDA071064R1
2586087,1SDA071033R1
2586091,1SDA071041R1
2586190,1SDA071651R1
2586312,1SDA072411R1
2586084,1SDA071026R1
2586304,1SDA072385R1
2586484,1SDA073534R1
888888,1SDA101125R1
888888,1SDA101661R1
888888,1SDA101137R1
2586415,1SDA072866R1
2586460,1SDA073450R1
2586698,1SDA073498R1
2586412,1SDA072863R1
2586097,1SDA071061R1
2586303,1SDA072384R1
2586301,1SDA072382R1
2586081,1SDA071023R1
2586298,1SDA072375R1
2487272,1SDA100913R1
888888,1SDA101657R1
888888,1SDA101121R1
2586295,1SDA072372R1
2586297,1SDA072374R1
2586089,1SDA071035R1
2586397,1SDA072826R1
2487296,1SDA101377R1
2586473,1SDA073496R1
888888,1SDA101124R1
2586694,1SDA073414R1
2586300,1SDA072381R1
2487236,1SDA100849R1
2586189,1SDA071516R1
2586088,1SDA071034R1
888888,1SDA101192R1
2586086,1SDA071032R1
2586378,1SDA072786R1
2586409,1SDA072856R1
2586083,1SDA071025R1
2586411,1SDA072862R1
2586082,1SDA071024R1
2487224,1SDA100837R1
2586186,1SDA071513R1
2586578,1SDA073918R1
2586414,1SDA072865R1
888888,1SDA101664R1
2586394,1SDA072823R1
888888,1SDA101120R1
2586406,1SDA072853R1
2586413,1SDA072864R1
2586375,1SDA072783R1
2586294,1SDA072371R1
888888,1SDA101117R1
2586080,1SDA071022R1
2487292,1SDA101373R1
888888,1SDA101136R1
2586472,1SDA073495R1
2586085,1SDA071031R1
2586391,1SDA072816R1
2586410,1SDA072861R1
2586577,1SDA073917R1
2586396,1SDA072825R1
2586170,1SDA071476R1
2586151,1SDA071436R1
2586388,1SDA072813R1
2487220,1SDA100833R1
2586148,1SDA071433R1
2586188,1SDA071515R1
888888,1SDA101191R1
2586403,1SDA072846R1
2487271,1SDA100912R1
2586293,1SDA072236R1
2586395,1SDA072824R1
2586167,1SDA071473R1
888888,1SDA101116R1
2586384,1SDA072806R1
2586187,1SDA071514R1
2586400,1SDA072843R1
2586393,1SDA072822R1
2586290,1SDA072233R1
2586185,1SDA071512R1
888888,1SDA101663R1
2586450,1SDA073412R1
2487288,1SDA101369R1
2586381,1SDA072803R1
2586079,1SDA071021R1
2586372,1SDA072776R1
2586183,1SDA071506R1
2586369,1SDA072773R1
2586180,1SDA071503R1
2586377,1SDA072785R1
2586078,1SDA070886R1
2586449,1SDA073411R1
2586274,1SDA072196R1
2586271,1SDA072193R1
888888,1SDA101135R1
2586376,1SDA072784R1
2487235,1SDA100848R1
2586075,1SDA070883R1
2586060,1SDA070846R1
888888,1SDA101660R1
2586287,1SDA072226R1
2487295,1SDA101376R1
2586256,1SDA072156R1
2586164,1SDA071466R1
2487216,1SDA100829R1
2586408,1SDA072855R1
2586169,1SDA071475R1
2586161,1SDA071463R1
2586184,1SDA071511R1
2586480,1SDA073524R1
2586177,1SDA071496R1
2586284,1SDA072223R1
2586166,1SDA071472R1
2586392,1SDA072821R1
888888,1SDA101190R1
2586576,1SDA073916R1
2586253,1SDA072153R1
2586173,1SDA071493R1
2487270,1SDA100911R1
2487223,1SDA100836R1
888888,1SDA101659R1
888888,1SDA101115R1
888888,1SDA101119R1
888888,1SDA101123R1
2586402,1SDA072845R1
2586268,1SDA072186R1
2586150,1SDA071435R1
2586168,1SDA071474R1
2586366,1SDA072766R1
888888,1SDA101655R1
2586149,1SDA071434R1
2586374,1SDA072782R1
2586158,1SDA071456R1
2586072,1SDA070876R1
2586265,1SDA072183R1
888888,1SDA101134R1
2586042,1SDA070806R1
2586155,1SDA071453R1
2586575,1SDA073915R1
2586383,1SDA072805R1
2586292,1SDA072235R1
2586363,1SDA072763R1
2586522,1SDA073742R1
2586039,1SDA070803R1
2586147,1SDA071432R1
888888,1SDA101656R1
2586182,1SDA071505R1
2487234,1SDA100847R1
2586145,1SDA071426R1
2586057,1SDA070843R1
2487291,1SDA101372R1
2586289,1SDA072232R1
2586262,1SDA072176R1
2586390,1SDA072815R1
2586273,1SDA072195R1
2586278,1SDA072213R1
2586291,1SDA072234R1
2586165,1SDA071471R1
2586456,1SDA073440R1
2586407,1SDA072854R1
2586405,1SDA072852R1
2586142,1SDA071423R1
2586478,1SDA073522R1
2586401,1SDA072844R1
2487294,1SDA101375R1
2586244,1SDA072136R1
2586259,1SDA072173R1
2586250,1SDA072146R1
2586139,1SDA071416R1
2586074,1SDA070882R1
2586399,1SDA072842R1
2586404,1SDA072851R1
2586272,1SDA072194R1
2586176,1SDA071495R1
2586247,1SDA072143R1
2487269,1SDA100910R1
2586270,1SDA072192R1
2586241,1SDA072133R1
2487219,1SDA100832R1
2586281,1SDA072216R1
2586136,1SDA071413R1
2586398,1SDA072841R1
2586069,1SDA070873R1
2586373,1SDA072781R1
2586157,1SDA071455R1
2487193,1SDA100759R1
2586163,1SDA071465R1
2487222,1SDA100835R1
2586066,1SDA070866R1
2586255,1SDA072155R1
2586476,1SDA073520R1
2586077,1SDA070885R1
2586288,1SDA072231R1
2586387,1SDA072812R1
2586365,1SDA072765R1
2586389,1SDA072814R1
2586054,1SDA070836R1
2586382,1SDA072804R1
2586286,1SDA072225R1
2586479,1SDA073523R1
2586146,1SDA071431R1
2487233,1SDA100846R1
2586036,1SDA070796R1
2586063,1SDA070863R1
2586371,1SDA072775R1
2586454,1SDA073438R1
2487176,1SDA100737R1
2586051,1SDA070833R1
2586379,1SDA072801R1
2586380,1SDA072802R1
2487287,1SDA101368R1
2586076,1SDA070884R1
2586252,1SDA072152R1
2586048,1SDA070826R1
2487191,1SDA100757R1
2586045,1SDA070823R1
2586254,1SDA072154R1
2586033,1SDA070793R1
2586386,1SDA072811R1
2586521,1SDA073741R1
2586175,1SDA071494R1
2586172,1SDA071492R1
2586267,1SDA072185R1
2586452,1SDA073436R1
2487290,1SDA101371R1
2586477,1SDA073521R1
2586171,1SDA071491R1
2586468,1SDA073485R1
2586181,1SDA071504R1
2586179,1SDA071502R1
2487215,1SDA100828R1
2586041,1SDA070805R1
2586038,1SDA070802R1
2586261,1SDA072175R1
2586059,1SDA070845R1
2586445,1SDA073401R1
2586030,1SDA070786R1
2586364,1SDA072764R1
2586138,1SDA071415R1
2586160,1SDA071462R1
2586162,1SDA071464R1
2586269,1SDA072191R1
2586144,1SDA071425R1
2586156,1SDA071454R1
2586178,1SDA071501R1
2487218,1SDA100831R1
2586073,1SDA070881R1
2586280,1SDA072215R1
2487174,1SDA100735R1
2586027,1SDA070783R1
2586056,1SDA070842R1
2586362,1SDA072762R1
2586153,1SDA071452R1
2586058,1SDA070844R1
2586285,1SDA072224R1
2586283,1SDA072222R1
2586276,1SDA072212R1
2586361,1SDA072761R1
2586159,1SDA071461R1
2586152,1SDA071451R1
2586071,1SDA070875R1
2586370,1SDA072774R1
2586368,1SDA072772R1
2586367,1SDA072771R1
2586251,1SDA072151R1
2487175,1SDA100736R1
2487198,1SDA100768R1
2487192,1SDA100758R1
2586249,1SDA072145R1
2586065,1SDA070865R1
2586455,1SDA073439R1
2487189,1SDA100755R1
2586243,1SDA072135R1
2586833,
2586040,1SDA070804R1
2586282,1SDA072221R1
2586279,1SDA072214R1
2586275,1SDA072211R1
3734205,2CSF204401R1950
2586466,1SDA073483R1
2487173,1SDA100734R1
3734187,2CSF204201R3950
2586047,1SDA070825R1
2487286,1SDA101367R1
2586053,1SDA070835R1
2586266,1SDA072184R1
2586264,1SDA072182R1
2586260,1SDA072174R1
2487172,1SDA100733R1
2586137,1SDA071414R1
2586257,1SDA072171R1
2586035,1SDA070795R1
2586453,1SDA073437R1
2487183,1SDA100746R1
2586135,1SDA071412R1
2586055,1SDA070841R1
2586258,1SDA072172R1
2586464,1SDA073481R1
2586475,1SDA073519R1
2586143,1SDA071424R1
2586141,1SDA071422R1
2586134,1SDA071411R1
2586263,1SDA072181R1
2487214,1SDA100827R1
2586443,1SDA073399R1
2487196,1SDA100766R1
2586064,1SDA070864R1
2487190,1SDA100756R1
2586070,1SDA070874R1
3734191,2CSF204201R4950
2586068,1SDA070872R1
2586029,1SDA070785R1
2487166,1SDA100724R1
2586062,1SDA070862R1
2586037,1SDA070801R1
2487673,1SDA118008R1
2485625,1SDA066989R1
2586140,1SDA071421R1
2586467,1SDA073484R1
2586061,1SDA070861R1
2586441,1SDA073397R1
2487182,1SDA100745R1
2487188,1SDA100754R1
2586242,1SDA072134R1
2586046,1SDA070824R1
2586067,1SDA070871R1
2487148,1SDA107585R1
2586248,1SDA072144R1
2586246,1SDA072142R1
2487165,1SDA100723R1
2586052,1SDA070834R1
2586451,1SDA073435R1
2586050,1SDA070832R1
2487181,1SDA100744R1
2487171,1SDA100732R1
2586240,1SDA072132R1
2586239,1SDA072131R1
2586044,1SDA070822R1
2586908,1SDA114809R1
2586465,1SDA073482R1
2586043,1SDA070821R1
2586444,1SDA073400R1
2586642,1SDA074131R1
888888,1SDA074103R1
888888,1SDA074105R1
2586644,1SDA074133R1
2487368,1SDA101917R1
2487138,1SDA107572R1
2485779,1SDA067132R1
2487164,1SDA100722R1
2586834,
2586245,1SDA072141R1
2586034,1SDA070794R1
2586049,1SDA070831R1
2586032,1SDA070792R1
2487085,1SDA100475R1
2586442,1SDA073398R1
2586028,1SDA070784R1
2586574,1SDA073914R1
2586835,
2487163,1SDA100721R1
2487081,1SDA100471R1
2586031,1SDA070791R1
2487180,1SDA100743R1
2586463,1SDA073480R1
2487147,1SDA107584R1
2487179,1SDA100742R1
2586026,1SDA070782R1
2586025,1SDA070781R1
2487720,1SDA100764R1
2487151,1SDA107590R1
2586572,1SDA073912R1
2487365,1SDA101914R1
2487162,1SDA100720R1
2487099,1SDA100499R1
2586641,1SDA074130R1
2586795,1SDA074102R1
2586772,1SDA074104R1
2586643,1SDA074132R1
2487137,1SDA107571R1
2487168,1SDA100726R1
2586440,1SDA073396R1
2487142,1SDA107577R1
2487362,1SDA101911R1
2487167,1SDA100725R1
888888,1SDA100680R1
888888,1SDA100681R1
2487367,1SDA101916R1
2487366,1SDA101915R1
2487150,1SDA107589R1
2487132,1SDA107564R1
2487178,1SDA100741R1
2487083,1SDA100473R1
2487084,1SDA100474R1
2487161,1SDA100719R1
2487095,1SDA100495R1
2586573,1SDA073913R1
2487043,1SDA100405R1
2586571,1SDA073911R1
2487141,1SDA107576R1
2487359,1SDA101908R1
2586836,
2487146,1SDA107583R1
2487364,1SDA101913R1
2487059,1SDA100433R1
2487363,1SDA101912R1
2487131,1SDA107563R1
2487656,1SDA100601R1
2487079,1SDA100469R1
2487080,1SDA100470R1
2487077,1SDA100467R1
2487136,1SDA107570R1
2487039,1SDA100401R1
2487361,1SDA101910R1
2487212,1SDA100787R1
2487360,1SDA101909R1
2487211,1SDA100786R1
2487149,1SDA107588R1
2586760,1SDA076249R1
2586759,1SDA076248R1
2485618,1SDA068510R1
2487628,1SDA105131R1
2586792,1SDA076250R1
2586998,1SDA074127R1
2487055,1SDA100429R1
2586653,1SDA074171R1
3734159,2CSF204101R2950
2487097,1SDA100497R1
2487098,1SDA100498R1
3734168,2CSF204101R4950
888888,1SDA100599R1
2487658,1SDA100600R1
2586999,1SDA074129R1
2487358,1SDA101907R1
2487357,1SDA101906R1
2487091,1SDA100491R1
888888,1SDA100326R1
2586774,1SDA074099R1
2586773,1SDA074101R1
2485237,1SDA067130R1
2586570,1SDA073910R1
2710001,2CCG000242R0001
2487042,1SDA100404R1
2485238,1SDA067131R1
2485616,1SDA068505R1
2487130,1SDA107562R1
2487035,1SDA100397R1
2487017,1SDA100363R1
2487093,1SDA100493R1
2487094,1SDA100494R1
2487075,1SDA100465R1
2487076,1SDA100466R1
3734154,2CSF204101R1950
2586566,1SDA073908R1
2485605,1SDA068162R1
2487051,1SDA100425R1
2586588,1SDA073956R1
2485617,1SDA068490R1
2487037,1SDA100399R1
2487038,1SDA100400R1
2487013,1SDA100359R1
2487210,1SDA100785R1
2485615,1SDA068485R1
2485594,1SDA068530R1
2487058,1SDA100432R1
2487209,1SDA100784R1
2586796,1SDA074100R1
2586775,1SDA074098R1
2586827,1SDA074126R1
2586828,1SDA074128R1
2487159,1SDA107601R1
888888,1SDA100561R1
2487015,1SDA100361R1
2487016,1SDA100362R1
888888,1SDA100557R1
2487140,1SDA107575R1
2487659,1SDA100287R1
2485592,1SDA068525R1
2487053,1SDA100427R1
2487054,1SDA100428R1
2485603,1SDA068157R1
2586916,1SDA105234R1
2586569,1SDA073909R1
2487033,1SDA100395R1
2487034,1SDA100396R1
1219045,1SAE351111R0640
2586767,1SDA074123R1
2586766,1SDA074125R1
2586769,1SDA074095R1
2586770,1SDA074097R1
2487020,1SDA100366R1
2487089,1SDA100489R1
2487090,1SDA100490R1
2485614,1SDA068495R1
2487011,1SDA100357R1
2487012,1SDA100358R1
2487158,1SDA107600R1
2487009,1SDA100355R1
888888,1SDA100150R1
888888,1SDA100151R1
888888,1SDA100153R1
888888,1SDA100152R1
2586568,1SDA073907R1
2487743,1SDA100560R1
2485604,1SDA068141R1
2487655,1SDA100559R1
3734162,2CSF204101R3950
2487128,1SDA100549R1
2487049,1SDA100423R1
2487050,1SDA100424R1
2487688,1SDA100555R1
2487019,1SDA100365R1
2487545,1SDA104889R1
2485602,1SDA068136R1
2487664,1SDA100108R1
2485922,1SDA100109R1
2487713,1SDA100110R1
2487660,1SDA100111R1
2487548,1SDA104895R1
2487638,1SDA105166R1
2487639,1SDA105167R1
2586515,1SDA073724R1
2485613,1SDA068475R1
2485013,1SDA066422R1
2586764,1SDA074122R1
2586765,1SDA074124R1
2586768,1SDA074094R1
2586771,1SDA074096R1
2586647,1SDA074152R1
2321695,2CDS273061R0504
2485601,1SDA068147R1
2487540,1SDA104879R1
888888,1SDA076076R1
888888,1SDA100553R1
2487558,1SDA104922R1
2586516,1SDA073725R1
2586645,1SDA074150R1
2487657,1SDA100558R1
2485579,1SDA068232R1
2487707,1SDA100556R1
2487555,1SDA104919R1
2487001,1SDA100548R1
2586526,1SDA073760R1
2586877,1SDA074119R1
2586513,1SDA073722R1
2485590,1SDA068515R1
2586514,1SDA073723R1
2487018,1SDA100364R1
2586652,1SDA074170R1
2586976,1SDA074121R1
2487007,1SDA100353R1
2487008,1SDA100354R1
2321694,2CDS273061R0404
2586646,1SDA074151R1
2485577,1SDA068231R1
2586510,1SDA073710R1
2487127,1SDA100547R1
2485599,1SDA068131R1
2320033,2CSF202998R0034
2320034,2CSF203998R0034
2586777,1SDA074091R1
2586778,1SDA074093R1
2586509,1SDA073709R1
2586508,1SDA073708R1
2586511,1SDA073711R1
2485600,1SDA068126R1
2487670,1SDA100551R1
2586650,1SDA074168R1
2586651,1SDA074169R1
2485350,1SDA067861R1
2320031,2CSS202998R0033
2487543,1SDA104885R1
2487699,1SDA100554R1
2586520,1SDA073739R1
2487126,1SDA100546R1
2586890,1SDA107525R1
2485612,1SDA068111R1
2485681,1SDA067113R1
2485504,1SDA067804R1
2485217,1SDA066466R1
2320032,2CSF201998R0034
2485578,1SDA068221R1
2485631,1SDA067095R1
2485235,1SDA067125R1
2485236,1SDA067126R1
2487433,1SDA104741R1
2487711,1SDA100552R1
2487634,1SDA105177R1
2487637,1SDA105189R1
2321680,2CDS273061R0984
2321681,2CDS273061R0014
2321682,2CDS273061R0974
2321683,2CDS273061R0034
2321685,2CDS273061R0064
2321686,2CDS273061R0084
2321692,2CDS273061R0024
2485607,1SDA068109R1
2485589,1SDA068213R1
2485346,1SDA067860R1
2485576,1SDA068220R1
2320030,2CSS201998R0033
2485571,1SDA068070R1
2586517,1SDA073736R1
2586830,1SDA074120R1
2485776,1SDA067107R1
888888,1SDA068180R1
2321688,2CDS273061R0134
2586779,1SDA074092R1
2586776,1SDA074090R1
2586829,1SDA074118R1
888888,1SDA105195R1
4230056,2CMA100177R1000
2485563,1SDA068211R1
2485456,1SDA067076R1
2485569,1SDA068069R1
2586758,1SDA073743R1
2586649,1SDA074167R1
888888,1SDA068179R1
2485447,1SDA067071R1
2485351,1SDA067858R1
2485353,1SDA067859R1
2485770,1SDA068068R1
4230055,2CMA100163R1000
2485611,1SDA068092R1
2586915,1SDA105233R1
2485505,1SDA067801R1
2485507,1SDA067802R1
2485500,1SDA067803R1
2485455,1SDA067108R1
2485458,1SDA067109R1
2485460,1SDA067110R1
2485453,1SDA067111R1
2586554,1SDA073882R1
2586556,1SDA073886R1
3734376,2CSR274101R1505
3734377,2CSR274101R1635
2485449,1SDA067103R1
2485438,1SDA067058R1
2485588,1SDA068212R1
2485331,1SDA067446R1
2487679,1SDA100550R1
2487633,1SDA105175R1
2485606,1SDA068090R1
2485451,1SDA067104R1
2485444,1SDA067105R1
2487432,1SDA104740R1
3734406,2CSR274101R1504
2581057,1SDA038316R1
2485536,1SDA067560R1
2487611,1SDA105118R1
2487613,1SDA105120R1
2485440,1SDA067091R1
2485442,1SDA067092R1
2485435,1SDA067093R1
2586518,1SDA073737R1
2586519,1SDA073738R1
2485570,1SDA068059R1
3734180,2CSF202201R5900
2586587,1SDA073955R1
1219047,1SAE661111R0140
2485534,1SDA067559R1
2321628,2CDS272061R0974
2485471,1SDA067043R1
3734183,2CSF204201R2900
2485703,1SDA068175R1
2485014,1SDA066431R1
2487454,1SDA113120R1
2321635,2CDS272061R0134
2581059,1SDA038320R1
2485562,1SDA068210R1
3734404,2CSR274101R1324
3734186,2CSF204201R3900
2485568,1SDA068058R1
3734374,2CSR274101R1325
3734375,2CSR274101R1405
3734204,2CSF204401R1900
2485565,1SDA068072R1
2485566,1SDA068073R1
2485567,1SDA068074R1
2485897,1SDA068174R1
1219049,1SAE661111R0640
1216609,2CDS273103R0635
2485658,1SDA068057R1
2323263,2CDS384001R0504
2323264,2CDS384001R0634
2323248,2CDS384001R0984
3734189,2CSF204201R4630
2487650,1SDA105159R1
3734190,2CSF204201R4900
3734405,2CSR274101R1404
2485315,1SDA067428R1
1216611,2CDS274001R0015
2485459,1SDA067074R1
2485452,1SDA067075R1
2485469,1SDA067042R1
2321696,2CDS273061R0634
2485457,1SDA067073R1
3734194,2CSF204201R5900
2485022,1SDA066433R1
2485212,1SDA066460R1
2485794,1SDA076529R1
2485908,1SDA068178R1
2485450,1SDA067069R1
2485443,1SDA067070R1
3734263,2CSB204201R2630
2587001,1SDA123475R1
2587002,1SDA123748R1
2485448,1SDA067068R1
2485329,1SDA067445R1
3734171,2CSF202201R2900
1216607,2CDS273103R0504
1216608,2CDS273103R0505
2485439,1SDA067055R1
2485441,1SDA067056R1
2485434,1SDA067057R1
2487448,1SDA104759R1
2485283,1SDA067410R1
2485479,1SDA067038R1
2485467,1SDA067039R1
2586525,1SDA073756R1
1216613,2CDS274001R0025
1216615,2CDS274001R0035
1216617,2CDS274001R0045
3734276,2CSB202701R1630
3734399,2CSR274101R1104
3734400,2CSR274101R1134
3734401,2CSR274101R1164
3734402,2CSR274101R1204
3734403,2CSR274101R1254
2586622,1SDA074002R1
2485465,1SDA067052R1
2485461,1SDA067053R1
3734368,2CSR274101R1065
3734369,2CSR274101R1105
3734370,2CSR274101R1135
3734371,2CSR274101R1165
3734372,2CSR274101R1205
3734373,2CSR274101R1255
3734255,2CSB202201R2630
3734203,2CSF204401R1800
2485302,1SDA067454R1
2485470,1SDA067020R1
3734264,2CSB204201R3630
3734265,2CSB204201R4630
3734266,2CSB204201R5630
2323131,2CDS383001R0085
2485028,1SDA066434R1
2485337,1SDA067441R1
2485327,1SDA067442R1
1216620,2CDS274001R0084
1216610,2CDS274001R0014
1216636,2CDS274001R0974
1216614,2CDS274001R0034
1216616,2CDS274001R0044
3734275,2CSB204401R1630
3734338,2CSR254101R1064
2323495,2CCG001234R0001
2485489,1SDA067033R1
2485491,1SDA067034R1
2485473,1SDA067035R1
2485475,1SDA067036R1
2485477,1SDA067037R1
2485159,1SDA067175R1
2485685,1SDA066423R1
2487651,1SDA105158R1
2485330,1SDA067436R1
2485544,1SDA067557R1
2485532,1SDA067558R1
2487446,1SDA104757R1
2487649,1SDA107672R1
2485462,1SDA067049R1
2485463,1SDA067050R1
2485464,1SDA067051R1
2487647,1SDA105154R1
2487646,1SDA105156R1
2487453,1SDA113119R1
2321715,2CDS273061R0607
2323343,2CDS383001R0577
2323344,2CDS383001R0607
3734256,2CSB202201R3630
3734257,2CSB202201R4630
3734258,2CSB202201R5630
4230054,2CMA100149R1000
2323325,2CDS383001R0087
2323326,2CDS383001R0117
2323327,2CDS383001R0157
2485313,1SDA067427R1
2586874,1SDA066988R1
3734179,2CSF202201R5630
2586564,1SDA073896R1
3734202,2CSF204401R1630
2485210,1SDA066638R1
2485554,1SDA067552R1
2485556,1SDA067553R1
2485538,1SDA067554R1
2485540,1SDA067555R1
2485542,1SDA067556R1
2487696,1SDA073996R1
3734199,2CSF202401R1900
2487458,1SDA104800R1
2487461,1SDA104821R1
2485314,1SDA067418R1
3734269,2CSB202401R1630
2485281,1SDA067409R1
888888,1SDA068170R1
2485468,1SDA067019R1
3734274,2CSB204401R1400
3734182,2CSF204201R2630
2487444,1SDA104755R1
888888,1SDA080847R1
888888,1SDA080849R1
2485775,1SDA080848R1
2485333,1SDA067439R1
2485335,1SDA067440R1
2323249,2CDS384001R0974
2323250,2CDS384001R0014
2323251,2CDS384001R0024
2323252,2CDS384001R0034
2323253,2CDS384001R0044
2487447,1SDA104758R1
1216624,2CDS274001R0134
2321714,2CDS273061R0577
2485300,1SDA067453R1
888888,1SDA066934R1
2485478,1SDA067017R1
2485466,1SDA067018R1
2586547,1SDA073867R1
2487478,1SDA104863R1
2586621,1SDA074001R1
2487479,1SDA104866R1
3734176,2CSF202201R4630
888888,1SDA068169R1
2485677,1SDA068173R1
2323262,2CDS384001R0404
3734193,2CSF204201R5630
3734170,2CSF202201R2630
2487488,1SDA104924R1
2323247,2CDS383103R0634
2323246,2CDS383103R0504
2485328,1SDA067435R1
2323231,2CDS383103R0984
2487489,1SDA104925R1
3734158,2CSF204101R2900
888888,1SDA080842R1
888888,1SDA080843R1
2485896,1SDA080844R1
2485317,1SDA067419R1
2485319,1SDA067420R1
2485321,1SDA067421R1
2485323,1SDA067422R1
2485325,1SDA067423R1
2485311,1SDA067424R1
3734140,2CSF202101R2900
2323493,2CCG001232R0001
2323494,2CCG001233R0001
888888,2CCG001494R0001
2320807,2CDL240101R1660
3734161,2CSF204101R3900
3734153,2CSF204101R1900
3734198,2CSF202401R1800
2485282,1SDA067399R1
3734273,2CSB204401R1250
2485474,1SDA067015R1
2485488,1SDA067012R1
2485490,1SDA067013R1
2485472,1SDA067014R1
2485476,1SDA067016R1
2487442,1SDA104753R1
3734148,2CSF202101R4900
2321679,2CDS272061R0608
2485308,1SDA067451R1
2485298,1SDA067452R1
3734167,2CSF204101R4900
2487648,1SDA105153R1
2321642,2CDS272061R0634
3734268,2CSB202401R1400
2323229,2CDS383001R0504
2323230,2CDS383001R0634
2323139,2CDS383001R0505
2323140,2CDS383001R0635
2586546,1SDA073866R1
2485297,1SDA068209R1
2321713,2CDS273061R0557
2323214,2CDS383001R0984
2586524,1SDA073753R1
3734185,2CSF204201R3630
2485312,1SDA067417R1
3734157,2CSF204101R2800
3734156,2CSF204101R2630
2586584,1SDA073944R1
2323257,2CDS384001R0134
2323120,2CDS382001R0085
3734152,2CSF204101R1800
2485336,1SDA067433R1
2485326,1SDA067434R1
2321712,2CDS273061R0537
888888,1SDA066926R1
2487695,1SDA073995R1
3734030,2CSR256440R1324
2487470,1SDA104840R1
3734029,2CSR256440R1254
2323492,2CCG001231R0001
3734165,2CSF204101R4630
3734206,2CSF204197R1250
3734207,2CSF204197R1400
2323254,2CDS384001R0064
2323255,2CDS384001R0084
2323261,2CDS384001R0324
3734120,2CSF204101R1630
2487669,1SDA104752R1
2321697,2CDS273061R0087
2321698,2CDS273061R0117
2321699,2CDS273061R0157
2321700,2CDS273061R0187
2321701,2CDS273061R0217
2321702,2CDS273061R0257
2321703,2CDS273061R0277
2321704,2CDS273061R0317
2321705,2CDS273061R0337
2321706,2CDS273061R0377
2321707,2CDS273061R0407
2321711,2CDS273061R0517
2487610,1SDA105117R1
2487612,1SDA105119R1
2323329,2CDS383001R0217
2323330,2CDS383001R0257
2323331,2CDS383001R0277
2323332,2CDS383001R0317
2323333,2CDS383001R0337
2321693,2CDS273061R0324
2487443,1SDA104754R1
2487445,1SDA104756R1
3734151,2CSF204101R3630
888888,1SDA066930R1
3734166,2CSF204101R4800
2586583,1SDA073943R1
2485763,1SDA080832R1
2485784,1SDA080833R1
2485764,1SDA080834R1
2485332,1SDA067431R1
2485334,1SDA067432R1
2485873,1SDA066933R1
2321684,2CDS273061R0044
2321691,2CDS273061R0254
2321678,2CDS272061R0578
3734027,2CSR256440R1164
3734028,2CSR256440R1204
3734160,2CSF204101R3800
2487468,1SDA104838R1
3734139,2CSF202101R2800
2323259,2CDS384001R0204
2323260,2CDS384001R0254
2323256,2CDS384001R0104
2323258,2CDS384001R0164
2321663,2CDS272061R0607
2321710,2CDS273061R0487
2485304,1SDA067449R1
2485306,1SDA067450R1
3734173,2CSF202201R3630
3734267,2CSB202401R1250
2323342,2CDS383001R0557
3734147,2CSF202101R4800
888888,2CCA880212R0001
2710021,2CCA880211R0001
2710020,2CCA880210R0001
2321641,2CDS272061R0504
3734034,2CSR256140R1324
2321687,2CDS273061R0104
2321689,2CDS273061R0164
2321690,2CDS273061R0204
1219057,1SAE342111R0140
2485827,1SDA080827R1
2485857,1SDA080828R1
2485759,1SDA080829R1
2485316,1SDA067411R1
2485318,1SDA067412R1
2485320,1SDA067413R1
2485322,1SDA067414R1
2485324,1SDA067415R1
2485310,1SDA067416R1
888888,1SDA066922R1
2586533,1SDA073781R1
3734032,2CSR256140R1204
1219060,1SAE342111R0631
2323323,2CDS382001R0577
2323324,2CDS382001R0607
2323305,2CDS382001R0087
2323306,2CDS382001R0117
2323307,2CDS382001R0157
3734031,2CSR256140R1164
2321526,2CDS273001R0607
2487441,1SDA104751R1
2487437,1SDA104745R1
3734136,2CSF202101R1900
2485822,1SDA068165R1
3734169,2CSF202201R2400
2487490,1SDA104926R1
2321662,2CDS272061R0577
2487497,1SDA104933R1
2487498,1SDA104934R1
2320806,2CDL240101R1060
3734197,2CSF202401R1630
1219056,1SAE342111R0130
1219059,1SAE342111R0630
1219061,1SAE342111R0640
2485280,1SDA067398R1
2321708,2CDS273061R0427
2321709,2CDS273061R0467
3734143,2CSF202101R3900
2323232,2CDS383103R0014
2323233,2CDS383103R0974
2323234,2CDS383103R0024
2323235,2CDS383103R0034
2323236,2CDS383103R0044
2487474,1SDA104853R1
2487476,1SDA104859R1
2485201,1SDA066637R1
2487439,1SDA104747R1
2586532,1SDA073780R1
2586528,1SDA073764R1
1219055,1SAE342111R0120
1219058,1SAE342111R0620
3734242,2CSB204101R1630
3734209,2CSB202101R0250
2321640,2CDS272061R0404
1218658,2CCS800900R0241
1218655,2CCS800900R0271
1218656,2CCS800900R0261
1218657,2CCS800900R0251
2323337,2CDS383001R0447
1216601,2CDS271103R0635
3734135,2CSF202101R1800
2487440,1SDA104749R1
2321676,2CDS272061R0538
2485296,1SDA068208R1
888888,1SDA068168R1
2485128,1SDA067196R1
2586502,1SDA073698R1
1219042,1SAE351111R0622
2487666,1SDA107473R1
2487667,1SDA107474R1
2321178,2CDS253001R0824
2485628,1SDA066929R1
3734138,2CSF202101R2630
2485819,1SDA068164R1
2323490,2CCG001229R0001
2323491,2CCG001230R0001
2323341,2CDS383001R0537
2323334,2CDS383001R0377
2323335,2CDS383001R0407
2323245,2CDS383103R0404
2321671,2CDS272061R0408
2321675,2CDS272061R0518
3734181,2CSF204201R2400
2321542,2CDS273001R0577
2487569,1SDA105028R1
3734033,2CSR256140R1254
2485627,1SDA066925R1
2323215,2CDS383001R0014
2323216,2CDS383001R0974
2323217,2CDS383001R0024
2323218,2CDS383001R0034
2323219,2CDS383001R0044
3734142,2CSF202101R3800
2321158,2CDS253001R0804
2321674,2CDS272061R0488
1219038,1SAE351111R0120
3734478,2CSR275180R1404
2323338,2CDS383001R0467
2323339,2CDS383001R0487
2323340,2CDS383001R0517
2323561,2CDA383799R0501
2323562,2CDA383799R0631
3734146,2CSF202101R4630
2586501,1SDA073696R1
2485285,1SDA067400R1
2485287,1SDA067401R1
2485289,1SDA067402R1
2485291,1SDA067403R1
2485293,1SDA067404R1
2485295,1SDA067405R1
2485279,1SDA067406R1
2321661,2CDS272061R0557
2487462,1SDA104823R1
2586840,1SDA079784R1
2586486,1SDA073668R1
2586487,1SDA073670R1
2586488,1SDA073672R1
2586490,1SDA073674R1
2586493,1SDA073681R1
2586494,1SDA073683R1
2485899,1SDA080840R1
888888,1SDA080841R1
1218651,2CCS800900R0191
1218653,2CCS800900R0211
1218652,2CCS800900R0231
1218654,2CCS800900R0221
1219043,1SAE351111R0630
3734475,2CSR275180R1204
3734476,2CSR275180R1254
2323138,2CDS383001R0405
2323228,2CDS383001R0404
1219041,1SAE351111R0620
1219044,1SAE351111R0631
2320312,2CDS253001R0607
2321660,2CDS272061R0537
2321626,2CDS272061R0984
2321629,2CDS272061R0024
2321631,2CDS272061R0044
2321633,2CDS272061R0084
3734241,2CSB204101R1400
3734415,2CSF204102R1630
2586527,1SDA073762R1
3734474,2CSR275180R1164
3734471,2CSR275180R1064
3734472,2CSR275180R1104
3734473,2CSR275180R1134
3734477,2CSR275180R1324
1216600,2CDS271103R0505
2586495,1SDA073685R1
1219039,1SAE351111R0140
3734184,2CSF204201R3400
2321639,2CDS272061R0324
2485881,1SDA117916R1
2320311,2CDS253001R0577
2323559,2CDA383799R0321
2323560,2CDA383799R0401
2323240,2CDS383103R0134
2586648,1SDA074166R1
3734201,2CSF204401R1400
2323128,2CDS382001R0505
2323129,2CDS382001R0635
2323212,2CDS382001R0504
2323213,2CDS382001R0634
2321627,2CDS272061R0014
2321630,2CDS272061R0034
2321638,2CDS272061R0254
2321636,2CDS272061R0164
2321645,2CDS272061R0087
2321646,2CDS272061R0117
2321647,2CDS272061R0157
2321648,2CDS272061R0187
2321649,2CDS272061R0257
2321650,2CDS272061R0277
2321651,2CDS272061R0317
2321652,2CDS272061R0337
2321653,2CDS272061R0377
2321654,2CDS272061R0407
2321657,2CDS272061R0217
2321659,2CDS272061R0517
2321643,2CDS272061R0064
3734188,2CSF204201R4400
2323197,2CDS382001R0984
2485156,1SDA067200R1
2485626,1SDA066921R1
2321509,2CDS273001R0557
3734200,2CSF204401R1250
2323328,2CDS383001R0187
2586560,1SDA073892R1
2485124,1SDA067184R1
2323244,2CDS383103R0324
2487436,1SDA104744R1
2323237,2CDS383103R0064
2323238,2CDS383103R0084
2487505,1SDA104941R1
2487508,1SDA104944R1
2487509,1SDA104945R1
3734212,2CSB202101R1630
2321672,2CDS272061R0428
2321673,2CDS272061R0468
2321658,2CDS272061R0487
2321508,2CDS273001R0537
2321637,2CDS272061R0204
3734240,2CSB204101R1250
3734192,2CSF204201R5400
2320412,2CDS273103R0634
2487480,1SDA104871R1
2487438,1SDA104746R1
2487466,1SDA104832R1
2320803,2CDL230001R1048
3734175,2CSF202201R4400
2323133,2CDS383001R0135
2323223,2CDS383001R0134
2485664,1SDA066635R1
1218780,2CCA880102R0001
1218802,2CCA880100R0001
1218799,2CCA880101R0001
2323243,2CDS383103R0254
2323239,2CDS383103R0104
2323241,2CDS383103R0164
2323242,2CDS383103R0204
2487482,1SDA104873R1
2321769,2CDS273001R0377
2323309,2CDS382001R0217
2323310,2CDS382001R0257
2323311,2CDS382001R0277
2323312,2CDS382001R0317
2323313,2CDS382001R0337
2586558,1SDA073890R1
2320952,2CDS273001R0517
2586497,1SDA073687R1
2586500,1SDA073694R1
2485798,1SDA066275R1
1216634,2CDS274001R0505
1216635,2CDS274001R0635
2487654,1SDA104748R1
2485127,1SDA067195R1
3734134,2CSF202101R1630
2323548,2CDA383799R0981
2323549,2CDA383799R0011
2323550,2CDA383799R0971
2323551,2CDA383799R0291
2323552,2CDA383799R0041
2586552,1SDA073874R1
3734125,2CSF204101R2400
2323130,2CDS383001R0065
2323137,2CDS383001R0325
2323220,2CDS383001R0064
2323221,2CDS383001R0084
2323227,2CDS383001R0324
2323336,2CDS383001R0427
2586504,1SDA073700R1
2487429,1SDA104737R1
2320295,2CDS252001R0607
2321550,2CDS273001R0487
2487568,1SDA105027R1
2487604,1SDA105101R1
2586559,1SDA073891R1
2485884,1SDA117914R1
2321634,2CDS272061R0104
2323322,2CDS382001R0557
3734141,2CSF202101R3630
1216120,2CDL220001R1648
2485155,1SDA067199R1
3734164,2CSF204101R4400
2487563,1SDA105021R1
2323134,2CDS383001R0165
2323135,2CDS383001R0205
2323224,2CDS383001R0164
2323225,2CDS383001R0204
2323136,2CDS383001R0255
2323226,2CDS383001R0254
2485265,1SDA066979R1
2586563,1SDA073895R1
2586565,1SDA073897R1
2321655,2CDS272061R0427
2321656,2CDS272061R0467
2485116,1SDA067160R1
2487573,1SDA105032R1
3734412,2CSF202102R1630
2485152,1SDA067188R1
2487471,1SDA104843R1
2485030,1SDA066436R1
2323195,2CDS381103R0504
2323196,2CDS381103R0634
2320310,2CDS253001R0557
2586523,1SDA073750R1
2323180,2CDS381103R0984
2323553,2CDA383799R0361
2323554,2CDA383799R0101
2323555,2CDA383799R0491
2323556,2CDA383799R0161
2323557,2CDA383799R0201
2323558,2CDA383799R0251
1219050,1SAE232111R0131
2485016,1SDA066444R1
2485020,1SDA066440R1
2485796,1SDA080826R1
2485284,1SDA067391R1
2485286,1SDA067392R1
2485288,1SDA067393R1
2485290,1SDA067394R1
2485292,1SDA067395R1
2485294,1SDA067396R1
2485278,1SDA067397R1
2320838,2CSS200911R0002
3734211,2CSB202101R1400
2321210,2CDS252001R0824
3734155,2CSF204101R2250
2485271,1SDA066389R1
2485270,1SDA066392R1
2485702,1SDA068163R1
2586557,1SDA073889R1
3734196,2CSF202401R1400
2320840,2CSS200911R0005
2485120,1SDA067172R1
1216633,2CDS274001R0504
2320418,2CDS274001R0634
2485160,1SDA067176R1
888888,2CDS272001R0607
2485642,1SDA069055R1
2485766,1SDA069056R1
2321516,2CSS200933R0012
3734195,2CSF202401R1250
2487605,1SDA105102R1
2487609,1SDA105075R1
3734210,2CSB202101R1250
2485132,1SDA067192R1
2485880,1SDA117915R1
3734163,2CSF204101R4250
2586541,1SDA073803R1
2586545,1SDA073859R1
2321552,2CDS273001R0427
2321551,2CDS273001R0467
2320294,2CDS252001R0577
2323317,2CDS382001R0447
2485148,1SDA067180R1
3734149,2CSF204101R3250
2320360,2CDS273001R0505
2323547,2CDA382799R0501
2323518,2CDA382799R0631
2321211,2CDS252001R0804
3734131,2CSF202101R0160
2586531,1SDA073778R1
2586539,1SDA073793R1
2487571,1SDA105030R1
2320351,2CDS272001R0635
1219031,1SAE341111R0131
2485144,1SDA067168R1
2323314,2CDS382001R0377
2323315,2CDS382001R0407
2323321,2CDS382001R0537
2323489,2CCG001228R0001
1219051,1SAE232111R0140
2485123,1SDA067183R1
2321618,2CDS271061R0608
2320350,2CDS272001R0505
2323198,2CDS382001R0974
2323199,2CDS382001R0014
2323200,2CDS382001R0024
2323201,2CDS382001R0034
2323202,2CDS382001R0044
1219034,1SAE341111R0622
3734150,2CSF204101R3400
2320805,2CDL230001R1660
2487487,1SDA104878R1
2321583,2CDS271061R0634
3734118,2CSF204101R1250
2323545,2CDA382799R0321
2323546,2CDA382799R0401
1219029,1SAE341111R0122
2485816,1SDA069142R1
2485815,1SDA069143R1
2485673,1SDA069144R1
2586537,1SDA073791R1
2586538,1SDA073792R1
2323316,2CDS382001R0427
2323318,2CDS382001R0467
2323319,2CDS382001R0487
2323320,2CDS382001R0517
2586529,1SDA073770R1
2586530,1SDA073776R1
2485266,1SDA067212R1
2323132,2CDS383001R0105
2323222,2CDS383001R0104
1219036,1SAE341111R0631
888888,2CDS272001R0577
2586540,1SDA073800R1
3734413,2CSF204102R1250
1219032,1SAE341111R0140
1219037,1SAE341111R0640
1219054,1SAE232111R0640
2320307,2CDS253001R0487
1219053,1SAE232111R0631
2320309,2CDS253001R0537
2586551,1SDA073873R1
2323308,2CDS382001R0187
2586536,1SDA073784R1
2586534,1SDA073782R1
2586535,1SDA073783R1
2586553,1SDA073881R1
2320361,2CDS273001R0635
2320247,2CDS253001R0634
3734117,2CSF204101R1400
2320246,2CDS253001R0504
1219052,1SAE232111R0630
2323211,2CDS382001R0404
2323127,2CDS382001R0405
2321385,2CDS272001R0634
2485202,1SDA066639R1
2485206,1SDA066643R1
2485204,1SDA066641R1
2485208,1SDA066645R1
2487463,1SDA104826R1
2320369,2CDS273103R0405
2487562,1SDA105020R1
1219028,1SAE341111R0120
1219030,1SAE341111R0130
3734144,2CSF202101R4250
2485883,1SDA117913R1
2485242,1SDA066479R1
2487668,1SDA104750R1
2485115,1SDA067159R1
2485797,1SDA066274R1
2320302,2CDS253001R0377
2485732,1SDA069054R1
2487572,1SDA105031R1
1219035,1SAE341111R0630
2487457,1SDA104795R1
2487663,1SDA105099R1
2485136,1SDA067164R1
2321132,2CDS272001R0537
2321617,2CDS271061R0578
2320364,2CDS273103R0135
2485151,1SDA067187R1
2320363,2CDS273103R0105
2320365,2CDS273103R0165
2320366,2CDS273103R0205
2320367,2CDS273103R0255
2320362,2CDS273103R0065
2320368,2CDS273103R0325
3734145,2CSF202101R4400
2321602,2CDS271061R0607
1219033,1SAE341111R0620
2485184,1SDA066950R1
3734137,2CSF202101R2250
2485023,1SDA066438R1
1216631,2CDS274001R0325
1216632,2CDS274001R0405
2320304,2CDS253001R0427
2320308,2CDS253001R0517
2323534,2CDA382799R0981
2323535,2CDA382799R0011
2323536,2CDA382799R0971
2323537,2CDA382799R0291
2323538,2CDA382799R0041
2487619,1SDA105126R1
2487621,1SDA101988R1
4230052,2CMA103572R1000
1216121,2CDL220010R1658
2320951,2CDS272001R0517
2320948,2CDS272001R0377
2485119,1SDA067171R1
2320293,2CDS252001R0557
2321395,2CDS273001R0634
2321394,2CDS273001R0504
2321582,2CDS271061R0504
2586555,1SDA073885R1
2586561,1SDA073894R1
2586562,1SDA073893R1
2487491,1SDA104927R1
2485253,1SDA066321R1
2485255,1SDA066322R1
3734124,2CSF202101R2400
3734414,2CSF204102R1400
2487428,1SDA104736R1
2485131,1SDA067191R1
2323122,2CDS382001R0135
2323206,2CDS382001R0134
3734172,2CSF202201R3400
1216118,2CDL220001R1048
2323181,2CDS381103R0014
2323182,2CDS381103R0974
2323183,2CDS381103R0024
2323184,2CDS381103R0034
2323185,2CDS381103R0044
2320395,2CDS272001R0504
2485147,1SDA067179R1
3734467,2CSF202101R3250
2320414,2CDS273103R0984
2320405,2CDS273103R0014
2320413,2CDS273103R0974
2321426,2CDS273103R0024
2320406,2CDS273103R0034
2320407,2CDS273103R0044
2485254,1SDA066325R1
2485641,1SDA069053R1
2321437,2CDS273103R0404
2323119,2CDS382001R0065
2323126,2CDS382001R0325
2323203,2CDS382001R0064
2323204,2CDS382001R0084
2323210,2CDS382001R0324
2323539,2CDA382799R0361
2323540,2CDA382799R0101
2323541,2CDA382799R0491
2323542,2CDA382799R0161
2323543,2CDA382799R0201
2323544,2CDA382799R0251
888888,2CDS272001R0557
2323487,2CCG001226R0001
2323488,2CCG001227R0001
1216619,2CDS274001R0065
2485241,1SDA066477R1
2321601,2CDS271061R0577
2320306,2CDS253001R0467
2485143,1SDA067167R1
2321616,2CDS271061R0558
1218650,2CCS800900R0021
2487431,1SDA104739R1
2323194,2CDS381103R0404
2323284,2CDS381001R0607
2323283,2CDS381001R0577
2323265,2CDS381001R0087
2323266,2CDS381001R0117
2323267,2CDS381001R0157
2320417,2CDS274001R0404
1217109,2CSF202101R3400
1216612,2CDS274001R0024
2487435,1SDA104743R1
2323208,2CDS382001R0204
2323121,2CDS382001R0105
2323123,2CDS382001R0165
2323124,2CDS382001R0205
2323125,2CDS382001R0255
2323205,2CDS382001R0104
2323207,2CDS382001R0164
2323209,2CDS382001R0254
888888,2CDS272001R0487
2321615,2CDS271061R0538
2321424,2CDS273103R0104
2321434,2CDS273103R0164
2321435,2CDS273103R0204
2321436,2CDS273103R0254
2320410,2CDS273103R0134
2320411,2CDS273103R0324
2320408,2CDS273103R0064
2320409,2CDS273103R0084
2586615,1SDA073967R1
1216630,2CDS274001R0255
1216627,2CDS274001R0165
1216629,2CDS274001R0205
1216625,2CDS274001R0135
2485180,1SDA066946R1
2321581,2CDS271061R0404
3734119,2CSF202101R1250
1216623,2CDS274001R0105
2321603,2CDS271061R0158
2321604,2CDS271061R0218
2321605,2CDS271061R0258
2321606,2CDS271061R0278
2321607,2CDS271061R0318
2321608,2CDS271061R0338
2321609,2CDS271061R0378
2321610,2CDS271061R0408
2321614,2CDS271061R0518
2320949,2CDS272001R0427
2320950,2CDS272001R0467
2487456,1SDA104787R1
2487567,1SDA105026R1
2320291,2CDS252001R0517
2320292,2CDS252001R0537
2320290,2CDS252001R0487
2485092,1SDA066970R1
2321613,2CDS271061R0488
2320027,2CDS213001R0504
2320029,2CDS213001R0634
2321600,2CDS271061R0557
2323189,2CDS381103R0134
2485176,1SDA066942R1
2485135,1SDA067163R1
2485072,1SDA066898R1
2320802,2CDL220001R1658
3734410,2CSF202102R1250
2320804,2CDL230001R1060
2320285,2CDS252001R0377
2487427,1SDA104735R1
2485179,1SDA066945R1
2321599,2CDS271061R0537
2485068,1SDA066894R1
2586928,1SDA076166R1
2586954,1SDA076168R1
2810932,1SFA611814R1000
2323186,2CDS381103R0064
2323187,2CDS381103R0084
2323193,2CDS381103R0324
2485817,1SDA066428R1
2321567,2CDS271061R0984
2321574,2CDS271061R0084
2321568,2CDS271061R0014
2321569,2CDS271061R0974
2321570,2CDS271061R0024
2321571,2CDS271061R0034
2321573,2CDS271061R0064
2321580,2CDS271061R0324
1219013,1SBE122111R0120
1219014,1SBE122111R0620
1216622,2CDS274001R0104
1216626,2CDS274001R0164
1216628,2CDS274001R0204
2320415,2CDS274001R0254
2320416,2CDS274001R0324
1216618,2CDS274001R0064
2321177,2CDS251001R0824
3734116,2CSF202101R1400
2586616,1SDA073968R1
2485076,1SDA066902R1
2320388,2CDS271103R0634
2321579,2CDS271061R0254
1218649,2CCS800900R0011
2320287,2CDS252001R0427
2321584,2CDS271061R0087
2321585,2CDS271061R0117
2321586,2CDS271061R0157
2321587,2CDS271061R0187
2321588,2CDS271061R0257
2321589,2CDS271061R0277
2321590,2CDS271061R0317
2321591,2CDS271061R0337
2321592,2CDS271061R0377
2321593,2CDS271061R0407
2321596,2CDS271061R0217
2321598,2CDS271061R0517
2586544,1SDA073855R1
2321572,2CDS271061R0044
2485247,1SDA066313R1
2485249,1SDA066314R1
2485183,1SDA066949R1
2323188,2CDS381103R0104
2323190,2CDS381103R0164
2323191,2CDS381103R0204
2323192,2CDS381103R0254
2586749,1SDA076020R1
2485064,1SDA066890R1
2320401,2CDS273001R0084
2586617,1SDA073979R1
2586618,1SDA073980R1
2586619,1SDA073989R1
2323567,2CDS200982R0002
2487570,1SDA105029R1
2586891,1SDA112843R1
2586892,1SDA112845R1
2586893,1SDA112846R1
2586894,1SDA112847R1
2586895,1SDA112849R1
2586896,1SDA112850R1
2321611,2CDS271061R0428
2321612,2CDS271061R0468
2321597,2CDS271061R0487
2485010,1SDA066454R1
2323106,2CDS381001R0505
2323107,2CDS381001R0635
2323178,2CDS381001R0504
2323179,2CDS381001R0634
2321175,2CDS251001R0804
2586620,1SDA073990R1
2323163,2CDS381001R0984
2710002,2CCG001493R0001
2485026,1SDA066427R1
2320801,2CDL220001R1058
2487460,1SDA104813R1
2586676,1SDA074172R1
2320399,2CDS273001R0034
2320404,2CDS273001R0984
2485248,1SDA066317R1
2320387,2CDS271103R0504
2323566,2CDS200982R0001
2586542,1SDA073854R1
2321576,2CDS271061R0134
2321575,2CDS271061R0104
2321577,2CDS271061R0164
2321578,2CDS271061R0204
2320289,2CDS252001R0467
2487434,1SDA104742R1
3734411,2CSF202102R1400
2487686,1SDA107476R1
2586548,1SDA073870R1
2320354,2CDS273001R0135
2320402,2CDS273001R0134
1219016,1SAE231111R0113
2485140,1SDA067156R1
2586734,1SDA073773R1
2586693,1SDA073758R1
2321146,2CDS271001R0607
2586550,1SDA073872R1
2321391,2CDS273001R0404
2320398,2CDS273001R0014
2320403,2CDS273001R0974
2320400,2CDS273001R0044
2485091,1SDA066969R1
2323269,2CDS381001R0217
2323270,2CDS381001R0257
2323271,2CDS381001R0277
2323272,2CDS381001R0317
2323273,2CDS381001R0337
2485172,1SDA066938R1
2487561,1SDA105019R1
2321594,2CDS271061R0427
2321595,2CDS271061R0467
2487614,1SDA105121R1
2487615,1SDA105122R1
2485239,1SDA066475R1
2320359,2CDS273001R0405
2320356,2CDS273001R0205
2487426,1SDA104734R1
2487430,1SDA104738R1
2485108,1SDA066918R1
2485639,1SDA066671R1
2810851,1SFA611813R1000
2323532,2CDA381799R0501
2323533,2CDA381799R0631
2323282,2CDS381001R0557
2320352,2CDS273001R0065
2320353,2CDS273001R0105
2320355,2CDS273001R0165
2320357,2CDS273001R0255
2320358,2CDS273001R0325
2485112,1SDA067152R1
2485075,1SDA066901R1
2321364,2CDS273001R0024
2586549,1SDA073871R1
1219019,1SAE231111R0131
1219015,1SAE231111R0104
1216184,2CDS251001R0587
1219021,1SAE231111R0604
1219020,1SAE231111R0140
1219026,1SAE231111R0631
1219024,1SAE231111R0622
1219027,1SAE231111R0640
2710003,2CCG000244R0001
1219018,1SAE231111R0122
2320349,2CDS272001R0405
2485659,1SDA066590R1
2320343,2CDS272001R0105
2320345,2CDS272001R0165
2320346,2CDS272001R0205
2320347,2CDS272001R0255
2320344,2CDS272001R0135
2320342,2CDS272001R0065
2320348,2CDS272001R0325
2320814,2CDS213001R0135
2323530,2CDA381799R0321
2323531,2CDA381799R0401
2321022,2CDS271001R0577
2320264,2CDS251001R0607
1219022,1SAE231111R0613
1216115,2CDL210001R1638
2485025,1SDA066426R1
2810293,1SFA619501R1051
2810294,1SFA619501R1071
2485060,1SDA066878R1
2320819,2CDS213001R0405
2320812,2CDS213001R0065
2320818,2CDS213001R0325
2320813,2CDS213001R0105
2320815,2CDS213001R0165
2485175,1SDA066941R1
2321374,2CDS273001R0324
2321372,2CDS273001R0204
2321373,2CDS273001R0254
2321370,2CDS273001R0104
2321371,2CDS273001R0164
2321369,2CDS273001R0064
1219007,1SBE121111R0120
1219008,1SBE121111R0620
1219011,1SBE121111R0111
1219012,1SBE121111R0611
1219009,1SBE121111R0102
1219010,1SBE121111R0602
2485233,1SDA066589R1
2323098,2CDS381001R0085
2323277,2CDS381001R0447
2810850,1SFA611812R1000
2321421,2CDS272001R0404
2320391,2CDS272001R0014
2320396,2CDS272001R0974
2320392,2CDS272001R0034
2321405,2CDS272001R0044
2320397,2CDS272001R0984
2485687,1SDA066592R1
1219025,1SAE231111R0630
2320798,2CDL210001R1038
2320816,2CDS213001R0205
2320817,2CDS213001R0255
2487606,1SDA105103R1
2320263,2CDS251001R0577
2323274,2CDS381001R0377
2323275,2CDS381001R0407
2323281,2CDS381001R0537
2487685,1SDA107475R1
2487608,1SDA105066R1
1219017,1SAE231111R0120
2320378,2CDS271103R0014
2320389,2CDS271103R0974
2321410,2CDS271103R0024
2320379,2CDS271103R0034
2320380,2CDS271103R0044
2320340,2CDS271103R0405
2320390,2CDS271103R0984
2323164,2CDS381001R0014
2323165,2CDS381001R0974
2323166,2CDS381001R0024
2323167,2CDS381001R0034
2323168,2CDS381001R0044
2323268,2CDS381001R0187
1219023,1SAE231111R0620
2810296,1SFA619502R1071
2810295,1SFA619502R1051
2323520,2CDA381799R0981
2323519,2CDA381799R0011
2323521,2CDA381799R0971
2323522,2CDA381799R0291
2323523,2CDA381799R0041
2485139,1SDA067155R1
2485171,1SDA066937R1
2321380,2CDS272001R0204
2321381,2CDS272001R0254
2320394,2CDS272001R0134
2810304,1SFA619552R1071
2810303,1SFA619552R1051
2321382,2CDS272001R0324
2320393,2CDS272001R0084
1219001,1SBE111111R0120
1219002,1SBE111111R0620
1219003,1SBE111111R0102
1219004,1SBE111111R0602
1219005,1SBE111111R0111
1219006,1SBE111111R0611
2485200,1SDA066663R1
2323276,2CDS381001R0427
2323278,2CDS381001R0467
2323279,2CDS381001R0487
2323280,2CDS381001R0517
2321554,2CDS271001R0557
2321376,2CDS272001R0024
2320386,2CDS271103R0404
1216114,2CDL210001R1057
2485638,1SDA066670R1
2485107,1SDA066917R1
2321514,2CSS200924R0001
1216113,2CDL210001R1028
2323105,2CDS381001R0405
2323177,2CDS381001R0404
2320339,2CDS271103R0325
2320334,2CDS271103R0065
2320336,2CDS271103R0135
2320335,2CDS271103R0105
2320341,2CDS271103R0165
2320337,2CDS271103R0205
2320338,2CDS271103R0255
2321498,2CSS275101R0044
2321496,2CSS275101R0405
2485088,1SDA066966R1
2485232,1SDA066591R1
2485071,1SDA066897R1
2487603,1SDA105100R1
2320382,2CDS271103R0134
2485644,1SDA066421R1
2485637,1SDA066669R1
2321513,2CSS200923R0001
2320800,2CDL210001R1660
2321510,2CDS271001R0537
2323524,2CDA381799R0361
2323525,2CDA381799R0101
2323526,2CDA381799R0491
2323527,2CDA381799R0161
2323528,2CDA381799R0201
2323529,2CDA381799R0251
2321555,2CDS271001R0517
2485111,1SDA067151R1
2485056,1SDA066874R1
2320895,2CDS271103R0204
2321497,2CSS275101R0024
2320381,2CDS271103R0084
2320385,2CDS271103R0324
2320384,2CDS271103R0254
2321504,2CSS275101R0324
2485067,1SDA066893R1
2321378,2CDS272001R0104
2321379,2CDS272001R0164
2321377,2CDS272001R0064
2320830,2CDS213001R0064
2320837,2CDS213001R0404
2320836,2CDS213001R0324
2320831,2CDS213001R0104
2320833,2CDS213001R0164
2320834,2CDS213001R0204
2320835,2CDS213001R0254
2487560,1SDA105018R1
2321517,2CDS271001R0377
2320333,2CDS271001R0635
2321505,2CSS275101R0404
2321546,2CDS271001R0487
2810885,1SFA611511R1001
1216126,2CDL230001R1612
2321495,2CSS275101R0325
2485662,1SDA066984R1
2321481,2CSS255101R0044
2321480,2CSS255101R0024
2321425,2CDS271103R0164
2323100,2CDS381001R0135
2323172,2CDS381001R0134
2485063,1SDA066889R1
2320811,2CDS212001R0325
2320823,2CDS212001R0064
1216142,2CDS212001R0065
2320828,2CDS212001R0324
2320829,2CDS212001R0404
2320825,2CDS212001R0134
1216144,2CDS212001R0135
2320809,2CDS212001R0205
2320797,2CDS212001R0204
2320827,2CDS212001R0254
1216143,2CDS212001R0105
2320808,2CDS212001R0165
2320824,2CDS212001R0104
2320826,2CDS212001R0164
2320810,2CDS212001R0255
2485198,1SDA066661R1
2810292,1SFA619500R1071
2810291,1SFA619500R1051
2810289,1SFA619500R1021
2321489,2CSS255101R0404
2321411,2CDS271103R0064
2321494,2CSS275101R0255
2485052,1SDA066870R1
2485048,1SDA066866R1
2485009,1SDA067118R1
2323097,2CDS381001R0065
2323104,2CDS381001R0325
2323169,2CDS381001R0064
2323170,2CDS381001R0084
2323176,2CDS381001R0324
2320592,2CDS200922R0001
2320332,2CDS271001R0505
2810774,1SFA611811R1000
2321412,2CDS271103R0104
2485059,1SDA066877R1
2320262,2CDS251001R0557
2321479,2CSS255101R0405
2320375,2CDS271001R0634
2321524,2CDS271001R0427
2323175,2CDS381001R0254
2323099,2CDS381001R0105
2323101,2CDS381001R0165
2323102,2CDS381001R0205
2323103,2CDS381001R0255
2323171,2CDS381001R0104
2323173,2CDS381001R0164
2323174,2CDS381001R0204
2321503,2CSS275101R0254
2485102,1SDA066912R1
2485199,1SDA066662R1
2485084,1SDA066962R1
2320849,2CDS200936R0001
2485635,1SDA066667R1
2485721,1SDA067135R1
2321488,2CSS255101R0324
2586941,1SDA073880R1
2321493,2CSS275101R0205
2321507,2CDS271001R0467
2321478,2CSS255101R0325
2321490,2CSS275101R0065
2810818,1SFA611282R1001
2810290,1SFA619500R1041
2485636,1SDA066668R1
2485055,1SDA066873R1
888888,1SDA067139R1
2321502,2CSS275101R0204
2485087,1SDA066965R1
2321402,2CDS271001R0504
2810301,1SFA619551R1051
2810302,1SFA619551R1071
2321492,2CSS275101R0165
2321491,2CSS275101R0105
2321499,2CSS275101R0064
2320593,2CDS200970R0031
2320594,2CDS200970R0032
2321487,2CSS255101R0254
2321477,2CSS255101R0255
2321500,2CSS275101R0104
2321501,2CSS275101R0164
2485196,1SDA066659R1
1216125,2CDL230001R1015
2485633,1SDA066665R1
2810907,1SFA611281R1001
2320261,2CDS251001R0537
2320259,2CDS251001R0487
2320260,2CDS251001R0517
2485197,1SDA066660R1
2321484,2CSS255101R0134
2321476,2CSS255101R0205
2321473,2CSS255101R0065
2320235,2CDS251001R0504
2320236,2CDS251001R0634
2810297,1SFA619550R1021
2810299,1SFA619550R1051
2810300,1SFA619550R1071
2321474,2CSS255101R0105
2321475,2CSS255101R0165
2321486,2CSS255101R0204
2485194,1SDA066656R1
2485634,1SDA066666R1
1216119,2CDL220001R1612
2321482,2CSS255101R0064
2485101,1SDA066911R1
2485047,1SDA066865R1
2485051,1SDA066869R1
2485083,1SDA066961R1
2487607,1SDA105104R1
2485244,1SDA066587R1
2810793,1SFA611511R1101
2485643,1SDA066420R1
1219062,1SAE901901R1011
1219063,1SAE901901R1020
2321483,2CSS255101R0104
2321485,2CSS255101R0164
1216124,2CDL230001R1012
2810886,1SFA611510R1101
2320256,2CDS251001R0427
2320258,2CDS251001R0467
2586838,1SDA079782R1
2810298,1SFA619550R1041
2485098,1SDA066908R1
2485104,1SDA066914R1
1216123,2CDL230001R1011
2320596,2CDS200970R0042
2320595,2CDS200970R0041
2485632,1SDA066664R1
2485080,1SDA066958R1
2485195,1SDA066657R1
2586752,1SDA073879R1
2586839,1SDA079783R1
2485032,1SDA066424R1
2586849,1SDA074173R1
2320799,2CDL210001R1060
2485741,1SDA080325R1
2320025,2CDS211001R0504
2320026,2CDS211001R0634
2810888,1SFA611210R1006
2810909,1SFA616920R8010
2485231,1SDA066588R1
2485743,1SDA080327R1
2810787,1SFA611131R1108
2810804,1SFA611202R1103
2810802,1SFA611200R1102
2810894,1SFA611200R1103
2485193,1SDA066655R1
2487566,1SDA105025R1
1216122,2CDL230001R1006
2810755,1SFA611630R1001
2320372,2CDS271001R0034
2320591,2CDS200912R0001
2485097,1SDA066907R1
3714859,1SFA611510R1001
2485079,1SDA066957R1
2485100,1SDA066910R1
2485103,1SDA066913R1
2810270,1SFA619403R5202
2810272,1SFA619403R5204
2810269,1SFA619403R5201
2810273,1SFA619403R5208
2810271,1SFA619403R5203
2810240,1SFA619403R5012
2810242,1SFA619403R5014
2810239,1SFA619403R5011
2810243,1SFA619403R5018
2810241,1SFA619403R5013
2810245,1SFA619403R5022
2810247,1SFA619403R5024
2810244,1SFA619403R5021
2810248,1SFA619403R5028
2810246,1SFA619403R5023
2810250,1SFA619403R5072
3714097,1SFA619403R5074
2810249,1SFA619403R5071
2810253,1SFA619403R5078
2810251,1SFA619403R5073
2810277,1SFA619403R5234
2810274,1SFA619403R5231
2810278,1SFA619403R5238
2810276,1SFA619403R5233
2810280,1SFA619403R5422
2810282,1SFA619403R5424
3714099,1SFA619403R5421
2810283,1SFA619403R5428
2810281,1SFA619403R5423
2485740,1SDA080704R1
2810197,1SFA611130R1108
2810195,1SFA611130R1102
2810194,1SFA611130R1101
2810196,1SFA611130R1103
2485038,1SDA066419R1
2485742,1SDA080326R1
2810275,1SFA619403R5232
2320328,2CDS271001R0135
2320370,2CDS271001R0014
2320376,2CDS271001R0974
2320331,2CDS271001R0405
2810187,1SFA611101R1008
2810238,1SFA619212R1076
2810026,1SFA611621R2011
2810027,1SFA611621R2012
2810028,1SFA611621R2013
2810029,1SFA611621R2014
2810030,1SFA611621R2015
2810031,1SFA611621R2021
2810032,1SFA611621R2022
2810033,1SFA611621R2023
2810034,1SFA611621R2041
2810035,1SFA611621R2042
2810036,1SFA611621R2043
2810037,1SFA611621R2061
2810038,1SFA611621R2062
2810039,1SFA611621R2063
2810040,1SFA611621R2071
2810041,1SFA611621R2072
2810042,1SFA611621R2073
2810043,1SFA611621R2074
2810044,1SFA611621R2075
2810066,1SFA611621R2081
2810067,1SFA611621R2082
2810016,1SFA611621R1012
2810070,1SFA611621R1011
2810071,1SFA611621R1015
2810011,1SFA611621R1013
2810072,1SFA611621R1021
2810073,1SFA611621R1022
2810074,1SFA611621R1023
2810075,1SFA611621R1041
2810076,1SFA611621R1042
2810077,1SFA611621R1043
2810078,1SFA611621R1061
2810080,1SFA611621R1062
2810083,1SFA611621R1063
2810085,1SFA611621R1071
2810088,1SFA611621R1072
2810089,1SFA611621R1073
2810091,1SFA611621R1074
2810092,1SFA611621R1075
2810103,1SFA611621R1081
2810110,1SFA611621R1082
2810113,1SFA611621R1083
2485037,1SDA066652R1
2320374,2CDS271001R0134
2321362,2CDS271001R0024
2810761,1SFA619100R1022
2321404,2CDS271001R0404
2320377,2CDS271001R0984
2810794,1SFA611201R1006
2485096,1SDA066906R1
2810826,1SFA611610R1002
2810827,1SFA611610R1020
2810226,1SFA619200R1056
2810227,1SFA619200R1076
2810224,1SFA619200R1026
2810231,1SFA619202R1056
2810232,1SFA619202R1076
2810229,1SFA619202R1026
2810234,1SFA619210R1056
2810235,1SFA619210R1076
2810233,1SFA619210R1026
2810772,1SFA619210R1021
2810237,1SFA619212R1056
2810236,1SFA619212R1026
2320373,2CDS271001R0084
2321398,2CDS271001R0044
2485099,1SDA066909R1
2810188,1SFA611101R1101
2810189,1SFA611101R1102
2810190,1SFA611101R1103
2810192,1SFA611101R1105
2810191,1SFA611101R1104
2810193,1SFA611101R1108
2810776,1SFA611130R1106
2810225,1SFA619200R1046
2810223,1SFA619200R1016
2810230,1SFA619202R1046
2810228,1SFA619202R1016
2586543,1SDA073858R1
2810765,1SFA619100R1071
2810766,1SFA619100R1072
2810760,1SFA619100R1021
2810180,1SFA611100R1108
2810176,1SFA611100R1102
2810178,1SFA611100R1104
2810175,1SFA611100R1101
2810179,1SFA611100R1105
2810177,1SFA611100R1103
2810181,1SFA611101R1001
2810182,1SFA611101R1002
2810186,1SFA611101R1006
2810183,1SFA611101R1003
2810184,1SFA611101R1004
2810185,1SFA611101R1005
2321389,2CDS271001R0205
2321393,2CDS271001R0255
2320330,2CDS271001R0325
2485095,1SDA066905R1
2810220,1SFA619101R1015
2810218,1SFA619101R1013
2320327,2CDS271001R0065
2321363,2CDS271001R0064
2321375,2CDS271001R0324
2321390,2CDS271001R0105
2320329,2CDS271001R0165
2321365,2CDS271001R0104
2321366,2CDS271001R0164
2321367,2CDS271001R0204
2321368,2CDS271001R0254
2810763,1SFA619100R1051
2810764,1SFA619100R1052
2810762,1SFA619100R1041
2810209,1SFA619100R1011
2810210,1SFA619100R1012
2810211,1SFA619100R1013
2810212,1SFA619100R1014
2810213,1SFA619100R1015
2810214,1SFA619100R1016
2810215,1SFA619100R1017
1216140,2CDS211001R0325
1216141,2CDS211001R0405
2810221,1SFA619101R1016
2810217,1SFA619101R1012
2810219,1SFA619101R1014
2810216,1SFA619101R1011
1216138,2CDS211001R0205
1216139,2CDS211001R0255
1216137,2CDS211001R0135
2810828,1SFA611610R2001
2810832,1SFA611610R2010
2320793,2CDS211001R0165
2810758,1SFA616920R8053
1216135,2CDS211001R0065
1216136,2CDS211001R0105
2320796,2CDS211001R0324
2321439,2CDS211001R0064
2320822,2CDS211001R0404
2320794,2CDS211001R0104
2321409,2CDS211001R0164
2320795,2CDS211001R0204
2320821,2CDS211001R0254
2320820,2CDS211001R0134
2485245,1SDA066651R1
2320879,2CDL200011R0011
3714609,1SFA611100R1001
3714480,1SFA611100R1002
2810170,1SFA611100R1003
2810171,1SFA611100R1004
2810172,1SFA611100R1005
2810173,1SFA611100R1006
2810174,1SFA611100R1008
2810751,1SFA611920R8015
2810752,1SFA611400R1001
2810753,1SFA611400R1002
2810754,1SFA611400R1008
2810882,1SFA611400R1003
2320843,GJF1101903R0001
3714869,1SFA611920R8129
3714459,1SFA611610R1001
3714606,1SFA611610R1010
2810934,SK615562-87
2810825,1SFA611601R1100
2320045,GHS4304509P0003
2810771,SK615512-1
2321429,2CDL200001R0001
1216104,2CDL200001R0002
2320178,GHS4304509P0002
2320190,GHS4304509P0001
2810767,SK615550-80
2810768,SK615550-44
2810769,SK615552-29
2810770,SK615552-31
2810775,SK615550-75
3714458,1SFA611605R1100
2485684,1SDA066481R1
1215829,1SBL137001R1301
1215816,1SBL137001R1310
1215830,1SBL137001R1101
1215824,1SBL137001R1110
1215831,1SBL157001R1301
1215817,1SBL157001R1310
1215832,1SBL157001R1101
1215825,1SBL157001R1110
1215833,1SBL177001R1301
1215818,1SBL177001R1310
1215834,1SBL177001R1101
1215826,1SBL177001R1110
1215813,1SBL237001R1300
1215827,1SBL237001R1100
1215814,1SBL277001R1300
1215828,1SBL277001R1100
1215815,1SBL297001R1300
1215839,1SBL297001R1100
1215879,1SBL347001R1100
1215880,1SBL347001R1200
1215881,1SBL347001R1300
1215882,1SBL347001R1400
1215883,1SBL367001R1100
1215884,1SBL367001R1200
1215885,1SBL367001R1300
1215886,1SBL367001R1400
1215887,1SBL387001R1100
1215888,1SBL387001R1200
1215889,1SBL387001R1300
1215890,1SBL387001R1400
1215891,1SBL397001R1100
1215892,1SBL397001R1200
1215893,1SBL397001R1300
1215894,1SBL397001R1400
1215895,1SBL407001R1100
1215896,1SBL407001R1200
1215357,1SBL407001R1311
1215898,1SBL407001R1400
1215900,1SFL427001R1100
1215901,1SFL427001R1200
1215902,1SFL427001R1300
1215903,1SFL427001R1400
1215904,1SFL447001R1100
1215905,1SFL447001R1200
1215906,1SFL447001R1300
1215907,1SFL447001R1400
1215908,1SFL467001R1100
1215909,1SFL467001R1200
1215910,1SFL467001R1300
1215911,1SFL467001R1400
1215912,1SFL487002R1100
1215913,1SFL487002R1200
1215914,1SFL487002R1300
1215915,1SFL487002R1400
1215916,1SFL527002R1100
1215917,1SFL527002R1200
1215918,1SFL527002R1300
1215919,1SFL527002R1400
1215920,1SFL547002R1100
1215921,1SFL547002R1200
1215922,1SFL547002R1300
1215923,1SFL547002R1400
1215924,1SFL587002R1100
1215925,1SFL587002R1200
1215926,1SFL587002R1300
1215927,1SFL587002R1400
1215928,1SFL607002R1100
1215929,1SFL607002R1200
1215930,1SFL607002R1300
1215931,1SFL607002R1400
1211059,1SFL577001R6811
1211061,1SFL577001R6911
1211063,1SFL577001R7011
1211067,1SFL597001R6811
1211069,1SFL597001R6911
2810875,1SFL597001R7011
2810876,1SFL617001R6811
2810924,1SFL617001R7011
1211079,1SFL637001R6811
1211081,1SFL637001R6911
1211086,1SFL657001R7011
1215835,1SBL137201R1300
1215836,1SBL137201R1100
1215837,1SBL177201R1300
1215838,1SBL177201R1100
1215842,1SBL237201R1300
1215857,1SBL237201R1100
1215860,1SBL297201R1300
1215859,1SBL297201R1100
1215354,1SBL347201R1300
1215355,1SBL367201R1300
1215358,1SBL367201R1100
1215356,1SBL397201R1300
1215472,1SBL397201R1100
1215364,1SFL427101R1111
1215365,1SFL427101R1311
1215366,1SFL447101R1111
1215367,1SFL447101R1311
1215368,1SFL487102R1111
1215369,1SFL487102R1311
1215370,1SFL527102R1111
1215371,1SFL527102R1311
1215372,1SFL547102R1111
1215373,1SFL547102R1311
1215374,1SFL587102R1111
1215375,1SFL587102R1311
1215376,1SFL607102R1111
1215377,1SFL607102R1311
1215525,1SBL171024R8810
1215526,1SBL231024R8810
1215527,1SBL271024R8810
1215528,1SBL291024R8810
1215529,1SBL361024R8800
1215530,1SBL381024R8800
1215531,1SBL391024R8800
1215532,1SBL401024R8800
1215820,1SBN010110R1001
1215819,1SBN010110R1010
1215821,1SBN010120R1011
1215379,1SBN040100R1013
1215381,1SBN040200R1013
1215822,1SBN030105T1000
1215823,1SBN030111R1000
1215899,1SBN033405T1000
1215932,1SFN030300R1000
1215933,1SFN010820R1011
1215934,1SFN010820R3311
1215935,1SFN124203R1000
1215936,1SFN124801R1000
1215937,1SFN124803R1000
1215938,1SFN124804R1000
1215939,1SFN125401R1000
1215940,1SFN125403R1000
1215941,1SFN125404R1000
1215942,1SFN125406R1000
1211092,1SFN010720R1011
3714587,1SFN010720R3311
2810879,1SFN035701R1000
1211098,1SFN035700R1000
2810434,GJL1211001R0101
2810436,GJL1211001R0103
2810442,GJL1211001R8100
3714532,GJL1211001R0011
3714200,GJL1211001R8010
3714201,GJL1211201R8000
2810433,GJL1211001R0013
2810440,GJL1211001R8014
3714536,GJL1213001R0105
3714537,GJL1213001R0101
3714283,GJL1213001R0011
3714284,GJL1213001R0014
2810488,GJL1213001R0103
2810489,GJL1213001R0104
2810490,GJL1213001R0107
2810492,GJL1213001R1106
2810486,GJL1213001R0017
2810491,GJL1213001R1016
1216924,GJL1311001R0101
1216925,GJL1311001R0103
1216928,GJL1311001R8105
2810642,GJL1311001R8100
1216922,GJL1311001R0011
1216923,GJL1311001R0013
1216926,GJL1311001R8010
1216927,GJL1311001R8015
1216933,GJL1311901R0011
1216934,GJL1311901R0101
1216935,GJL1311901R8010
1216936,GJL1311901R8015
1216937,GJL1311901R8100
1216938,GJL1311901R8105
2810308,GJL1211901R0101
2810310,GJL1211901R0103
2810315,GJL1211901R8100
2810317,GJL1211901R8105
2810305,GJL1211901R0011
2810307,GJL1211901R0013
2810312,GJL1211901R8010
2810313,GJL1211901R8014
2810314,GJL1211901R8015
2810539,GJH1211001R0221
2810540,GJH1211001R0222
2810548,GJH1211001R8220
2810549,GJH1211001R8224
2810550,GJH1211001R8225
2810559,GJH1211003R0223
2810566,GJH1211003R8220
2810567,GJH1211003R8224
2810568,GJH1211003R8225
2810627,GJH1213003R0224
2810628,GJH1213003R0225
1216919,GJL1201319R0001
1216920,GJL1201330R0001
3714505,GJL1201330R0003
3714519,GJL1201330R0007
2810641,GJL1201317R0003
3714586,GJL1201330R0011
1216921,GJL1201908R0001
2810158,1SAM250000R1001
2810117,1SAM250000R1002
2810159,1SAM250000R1003
2810160,1SAM250000R1004
2810100,1SAM250000R1005
2810101,1SAM250000R1006
2810099,1SAM250000R1007
2810095,1SAM250000R1008
2810096,1SAM250000R1009
2810098,1SAM250000R1010
2810164,1SAM250000R1012
2810094,1SAM250000R1011
2810997,1SAM250000R1013
2810998,1SAM250000R1014
2810999,1SAM250000R1015
2810976,1SAM350000R1001
2810977,1SAM350000R1002
2810978,1SAM350000R1003
2810979,1SAM350000R1004
2810980,1SAM350000R1005
2810981,1SAM350000R1006
2810982,1SAM350000R1007
2810983,1SAM350000R1008
2810984,1SAM350000R1009
2810985,1SAM350000R1010
2810986,1SAM350000R1011
2810953,1SAM350000R1013
2810954,1SAM350000R1014
2810955,1SAM350000R1015
888888,1SAM451000R1015
2810020,1SAM451000R1016
2810021,1SAM451000R1017
2811019,1SAM451000R1018
2811020,1SAM451000R1019
2810097,1SAM201901R1001
2810167,1SAM201902R1003
2810102,1SAM201902R1001
2810104,1SAM201902R1002
2810168,1SAM201903R1002
2810169,1SAM201903R1003
2810105,1SAM201903R1001
2810107,1SAM201910R1003
1216982,1SAM201904R1001
1216983,1SAM201904R1002
1216984,1SAM201904R1003
1216985,1SAM201904R1004
1216986,1SAM201904R1005
1216987,1SAM201904R1006
3714823,1SAM360000R1001
3714833,1SAM360000R1002
3714834,1SAM360000R1003
3714835,1SAM360000R1004
3714836,1SAM360000R1005
3714837,1SAM360000R1006
3714824,1SAM360000R1007
3714825,1SAM360000R1008
3714826,1SAM360000R1009
3714827,1SAM360000R1010
3714828,1SAM360000R1011
3714829,1SAM360000R1012
3714830,1SAM360000R1013
3714831,1SAM360000R1014
3714832,1SAM360000R1015
2810022,1SAM461000R1015
2810023,1SAM461000R1016
2810024,1SAM461000R1017
3714035,1SAM340000R1005
3714036,1SAM340000R1006
3714037,1SAM340000R1007
3714038,1SAM340000R1008
3714039,1SAM340000R1009
3714040,1SAM340000R1010
3714041,1SAM340000R1011
3714042,1SAM340000R1012
3714043,1SAM340000R1013
3714044,1SAM340000R1014
3714800,1SAZ721201R1005
3714801,1SAZ721201R1008
3714802,1SAZ721201R1009
3714803,1SAZ721201R1013
3714804,1SAZ721201R1014
3714805,1SAZ721201R1017
3714806,1SAZ721201R1021
3714807,1SAZ721201R1023
3714808,1SAZ721201R1025
3714809,1SAZ721201R1028
3714810,1SAZ721201R1031
3714811,1SAZ721201R1033
3714812,1SAZ721201R1035
3714813,1SAZ721201R1038
3714814,1SAZ721201R1040
3714815,1SAZ721201R1043
3714816,1SAZ721201R1045
3714817,1SAZ721201R1047
3714818,1SAZ721201R1049
3714819,1SAZ721201R1051
3714820,1SAZ721201R1052
3714821,1SAZ721201R1053
3714822,1SAZ721201R1055
3714929,1SAZ811201R1001
3714930,1SAZ811201R1002
3714931,1SAZ811201R1003
3714932,1SAZ811201R1004
3714933,1SAZ811201R1005
3714934,1SAZ811201R1006
3714935,1SAZ811201R1007
3714936,1SAZ911201R1001
3714937,1SAZ911201R1002
3714938,1SAZ911201R1003
3714939,1SAZ911201R1004
3714940,1SAZ911201R1005
3714941,1SAZ911201R1006
3714942,1SAZ431201R1001
3714943,1SAZ431201R1002
3714944,1SAZ431201R1003
3714945,1SAZ431201R1004
1218683,2CCA703000R0001
1218684,2CCA703005R0001
1218685,2CCA703010R0001
1218686,2CCA703015R0001
1218687,2CCA703001R0001
1218688,2CCA703006R0001
1218689,2CCA703011R0001
1218690,2CCA703016R0001
1218691,2CCA703002R0001
1218692,2CCA703007R0001
1218693,2CCA703012R0001
1218694,2CCA703017R0001
1218695,2CCA703100R0001
1218696,2CCA703110R0001
1218697,2CCA703115R0001
1218698,2CCA703101R0001
1218699,2CCA703111R0001
1218700,2CCA703116R0001
1218701,2CCA703025R0001
1218702,2CCA703030R0001
1218703,2CCA703026R0001
1218704,2CCA703031R0001
1218705,2CCA703050R0001
1218706,2CCA703060R0001
1218707,2CCA703065R0001
1218708,2CCA703051R0001
1218709,2CCA703040R0001
1218710,2CCA703045R0001
1218711,2CCA703041R0001
1218712,2CCA703046R0001
1218713,2CCA703400R0001
1218714,2CCA703405R0001
1218715,2CCA703420R0001
1218716,2CCA703401R0001
1218717,2CCA703406R0001
1218718,2CCA703421R0001
1218719,2CCA703402R0001
1218720,2CCA703407R0001
1218721,2CCA703422R0001
1218722,2CCA703403R0001
1218723,2CCA703408R0001
1218724,2CCA703423R0001
1218725,2CCA703404R0001
1218726,2CCA703409R0001
1218727,2CCA703424R0001
1218766,2CCA703900R0001
1218767,2CCA703901R0001
1218858,2CCA703902R0001
1218728,2CCA703250R0001
1218729,2CCA703255R0001
1218730,2CCA703260R0001
1218731,2CCA703251R0001
1218732,2CCA703256R0001
1218733,2CCA703261R0001
1218734,2CCA703252R0001
1218735,2CCA703257R0001
1218736,2CCA703262R0001
1218737,2CCA703253R0001
1218738,2CCA703258R0001
1218739,2CCA703263R0001
1218740,2CCA703254R0001
1218741,2CCA703259R0001
1218742,2CCA703264R0001
1218743,2CCA703160R0001
1218744,2CCA703165R0001
1218745,2CCA703170R0001
1218746,2CCA703161R0001
1218747,2CCA703166R0001
1218748,2CCA703171R0001
1218749,2CCA703162R0001
1218750,2CCA703167R0001
1218751,2CCA703172R0001
1218752,2CCA703163R0001
1218753,2CCA703168R0001
1218754,2CCA703173R0001
1218755,2CCA703164R0001
1218756,2CCA703169R0001
1218757,2CCA703174R0001
1218758,2CCA703150R0001
1218759,2CCA703151R0001
1218760,2CCA703152R0001
1218761,2CCA703153R0001
1218762,2CCA703154R0001
1218763,2CCA703155R0001
1217117,2CDD281101R0016
1217118,2CDD281101R0025
1217119,2CDD281101R0032
1217120,2CDD281101R0040
1217121,2CDD281101R0050
1217122,2CDD281101R0063
1217123,2CDD282101R0016
1217124,2CDD282101R0025
1217125,2CDD282101R0032
1217126,2CDD282101R0040
1217127,2CDD282101R0050
1217128,2CDD282101R0063
1217129,2CDD283101R0016
1217130,2CDD283101R0025
1217131,2CDD283101R0032
1217132,2CDD283101R0040
1217133,2CDD283101R0050
1217116,2CDD283101R0063
1217134,2CDD284101R0016
1217135,2CDD284101R0025
1217136,2CDD284101R0032
1217137,2CDD284101R0040
1217138,2CDD284101R0050
1217139,2CDD284101R0063
1217140,2TAZ312000R2041
1217141,2TAZ312000R2031
1217142,2TAZ312000R2011
1217143,2TAZ312000R2033
1214016,2TAZ312000R2042
1217144,2TAZ312000R2032
1217145,2TAZ312000R2012
1217146,2TAZ312000R2043
1217147,2TAZ312000R2013
1217148,2TAZ322000R2041
1217149,2TAZ322000R2031
1217150,2TAZ322000R2011
1217151,2TAZ322000R2042
1217152,2TAZ322000R2012
1217153,2CCA704300R0001
1217154,2CCA704301R0001
1217158,2TAZ312001R2013
1217159,2TAZ312001R2043
1217156,2CCA704340R0001
3020813,1SCA104811R1001
3020852,1SCA104829R1001
3020786,1SCA104838R1001
3020839,1SCA105711R1001
3020854,1SCA104816R1001
3020857,1SCA104831R1001
3020792,1SCA104857R1001
3020829,1SCA104886R1001
3020781,1SCA104884R1001
3020784,1SCA104900R1001
3020853,1SCA104863R1001
3020790,1SCA104877R1001
3020796,1SCA104902R1001
3020814,1SCA104932R1001
3020797,1SCA104940R1001
3020830,1SCA104956R1001
3020855,1SCA104913R1001
3020856,1SCA104934R1001
3020783,1SCA105332R1001
3020807,1SCA105365R1001
3020804,1SCA105382R1001
3020862,1SCA105393R1001
3020799,1SCA105338R1001
3020795,1SCA105369R1001
3020787,1SCA105798R1001
3020791,1SCA105413R1001
3020805,1SCA105431R1001
3020808,1SCA105499R1001
3020815,1SCA105402R1001
3020816,1SCA105418R1001
3020788,1SCA105004R1001
3020819,1SCA105018R1001
3020822,1SCA105023R1001
3020861,1SCA105031R1001
3020860,1SCA105008R1001
3020849,1SCA105019R1001
3020789,1SCA105033R1001
3020812,1SCA105051R1001
3020835,1SCA105060R1001
3020859,1SCA105066R1001
3020823,1SCA105037R1001
3020858,1SCA105054R1001
3020131,1SCA120514R1001
3020132,1SCA120521R1001
3020472,1SCA022712R0800
3020471,1SCA022763R4820
3020476,1SCA022713R4930
3020475,1SCA022763R4910
3020470,1SCA022771R7520
3020474,1SCA022771R7280
3020488,1SCA022710R0100
3020487,1SCA022763R5040
3020491,1SCA022710R0520
3020490,1SCA022763R5210
2320922,1SCA022775R4640
3020506,1SCA022727R4190
3020503,1SCA022718R8510
3020502,1SCA022763R5630
3020505,1SCA022719R1730
3020504,1SCA022763R5710
3020513,1SCA022718R8780
3020512,1SCA022763R5390
3020515,1SCA022719R1810
3020514,1SCA022763R5550
2320923,1SCA022771R8680
3020528,1SCA022718R8940
3020526,1SCA022779R4940
3020530,1SCA022719R2030
3020529,1SCA022779R5080
3020539,1SCA022718R9410
3020537,1SCA022779R5160
3020541,1SCA022719R2110
3020540,1SCA022779R5240
3020429,1SCA022860R6230
3020432,1SCA022860R6310
3020450,1SCA022860R6580
3020453,1SCA022860R6740
3020838,1SCA105326R1001
3020801,1SCA105296R1001
3020396,1SCA022380R9820
3020848,1SCA022380R9660
3020782,1SCA108667R1001
3020811,1SCA108598R1001
3020817,1SCA105237R1001
3020828,1SCA105236R1001
3020818,1SCA105295R1001
3020793,1SCA105328R1001
3020780,1SCA105327R1001
3020889,1SCA105323R1001
3020802,1SCA105322R1001
3020821,1SCA105232R1001
3020837,1SCA108252R1001
3020847,1SCA105325R1001
3020312,1SCA022383R2480
3020834,1SCA101647R1001
3020846,1SCA101661R1001
3020845,1SCA101660R1001
3020844,1SCA101659R1001
3020826,1SCA101656R1001
3020800,1SCA101654R1001
3020785,1SCA022295R5600
3020608,1SCA022057R0570
3020612,1SCA022042R6370
3020613,1SCA022042R6530
3020843,1SCA022056R6030
3020225,1SCA022042R5990
3020600,1SCA022042R6020
3020601,1SCA022042R6110
3020087,1SCA022353R4970
3020083,1SCA022744R2240
3020234,1SCA022673R1140
3020176,1SCA022353R4890
3020165,1SCA022379R8100
3020230,1SCA022456R7410
3020094,1SCA022190R3000
3020236,1SCA022185R3730
3020564,1SCA022778R6920
3020562,1SCA022387R1620
3020798,1SCA022865R4550
3020820,1SCA104494R1001
3020120,1SCA022431R5280
3020809,1SCA105446R1001
3020810,1SCA105099R1001
3020824,1SCA105717R1001
3020825,1SCA105001R1001
3020831,1SCA105090R1001
3020832,1SCA105451R1001
3020833,1SCA105452R1001
3020840,1SCA105716R1001
3020836,1SCA022865R5010
3020842,1SCA022865R4630
3020841,1SCA105458R1001
3020264,1SCA022061R3300
3020262,1SCA022049R0380
3020085,1SCA022078R0200
3020057,1SCA022078R0030
3020242,1SCA022078R1600
3020240,1SCA022714R8810
3020547,1SCA022763R2700
3020549,1SCA022763R2960
3020763,1SCA022804R6340
3020762,1SCA022783R0090
3020548,1SCA022783R0170
3020550,1SCA022797R2470
3020979,1SCA151423R1001
3021017,1SCA151419R1001
3020141,1SCA151252R1001
3020994,1SCA151254R1001
3020142,1SCA151250R1001
3021018,1SCA151424R1001
3021019,1SCA151420R1001
3020980,1SCA151253R1001
3021020,1SCA151255R1001
3020975,1SCA151251R1001
3021021,1SCA150580R1001
3021022,1SCA150586R1001
3021023,1SCA150574R1001
3021026,1SCA117037R1001
3020976,1SCA117038R1001
3418016,2CTB815710R2300
3418008,2CTB803873R5600
3418010,2CTB803973R1100
3418017,2CTB803972R1100
1218810,2CCF019643R0001
1218811,2CCF019597R0001
1218812,2CCF019599R0001
1218813,2CCF019600R0001
1218814,2CCF019601R0001
1218815,2CCF019602R0001
1218816,2CCF019603R0001
1218817,2CCF019604R0001
1218818,2CCF019605R0001
1218819,2CCF019606R0001
1218820,2CCF019607R0001
1218821,2CCF019608R0001
1218834,2CCF019647R0001
1218835,2CCF019622R0001
1218836,2CCF019624R0001
1218837,2CCF019625R0001
1218838,2CCF019626R0001
1218839,2CCF019627R0001
1218840,2CCF019628R0001
1218841,2CCF019629R0001
1218842,2CCF019630R0001
1218843,2CCF019631R0001
1218844,2CCF019632R0001
1218845,2CCF019633R0001
1218846,2CCF019635R0001
1218847,2CCF019634R0001
1218848,2CCF019636R0001
1218849,2CCF019637R0001
1218850,2CCF019638R0001
1218851,2CCF019639R0001
1218852,2CCF019640R0001
1218853,2CCF019641R0001
1218854,2CCF019642R0001
1218775,2CCP247204R0001
1218776,2CCP247205R0001
6812221,M131800000
6812220,M131830000
